{"cameraMode":{"drawMode":0,"name":"Shaded","section":"Shading Mode"},"sceneLighting":false,"audioPlay":false,"sceneViewState":{"m_AlwaysRefresh":false,"showFog":true,"showSkybox":false,"showFlares":true,"showImageEffects":true,"showParticleSystems":true,"showVisualEffectGraphs":true,"m_FxEnabled":true},"in2DMode":false,"pivot":{"x":-0.0750848650932312,"y":0.04193573445081711,"z":0.057824719697237018},"rotation":{"x":-0.06468480825424195,"y":0.6842115521430969,"z":-0.06112457811832428,"w":-0.7239070534706116},"size":2.573875904083252,"orthographic":false}