{"cameraMode":{"drawMode":0,"name":"Shaded","section":"Shading Mode"},"sceneLighting":true,"audioPlay":false,"sceneViewState":{"m_AlwaysRefresh":false,"showFog":true,"showSkybox":true,"showFlares":true,"showImageEffects":true,"showParticleSystems":true,"showVisualEffectGraphs":true,"m_FxEnabled":true},"in2DMode":false,"pivot":{"x":2.593451738357544,"y":-1.1048656702041627,"z":82.87898254394531},"rotation":{"x":-0.017106754705309869,"y":0.01711094193160534,"z":-0.00028406555065885186,"w":-0.9997567534446716},"size":7.288454055786133,"orthographic":false}