{"cameraMode":{"drawMode":0,"name":"Shaded","section":"Shading Mode"},"sceneLighting":true,"audioPlay":false,"sceneViewState":{"m_AlwaysRefresh":false,"showFog":true,"showSkybox":true,"showFlares":true,"showImageEffects":true,"showParticleSystems":true,"showVisualEffectGraphs":true,"m_FxEnabled":true},"in2DMode":false,"pivot":{"x":-1.3681755065917969,"y":-3.0402822494506838,"z":85.77262115478516},"rotation":{"x":-0.10837489366531372,"y":0.022080251947045327,"z":-0.0024384050630033018,"w":-0.993929922580719},"size":6.227808475494385,"orthographic":false}